date_year_month,product_brand_id,product_brand_name,list_wac_per_unit,gross_to_net_ratio,effective_net_price_per_unit
202101,5101,Retivue,1950.0,0.7091,1382.67
202102,5101,Retivue,1953.22,0.7297,1425.29
202103,5101,Retivue,1956.45,0.7182,1405.21
202104,5101,Retivue,1959.68,0.724,1418.86
202105,5101,Retivue,1962.91,0.7164,1406.27
202106,5101,Retivue,1966.16,0.722,1419.52
202107,5101,Retivue,1969.4,0.7095,1397.28
202108,5101,Retivue,1972.66,0.7155,1411.38
202109,5101,Retivue,1975.91,0.7284,1439.16
202110,5101,Retivue,1979.18,0.7208,1426.65
202111,5101,Retivue,1982.45,0.7244,1436.09
202112,5101,Retivue,1985.72,0.7208,1431.35
202201,5101,Retivue,1989.0,0.7296,1451.1
202202,5101,Retivue,1992.28,0.7115,1417.45
202203,5101,Retivue,1995.58,0.7242,1445.24
202204,5101,Retivue,1998.87,0.7219,1442.95
202205,5101,Retivue,2002.17,0.7143,1430.11
202206,5101,Retivue,2005.48,0.7214,1446.69
202207,5101,Retivue,2008.79,0.7285,1463.32
202208,5101,Retivue,2012.11,0.7233,1455.4
202209,5101,Retivue,2015.43,0.7286,1468.52
202210,5101,Retivue,2018.76,0.7178,1449.09
202211,5101,Retivue,2022.1,0.7177,1451.22
202212,5101,Retivue,2025.43,0.7234,1465.23
202301,5101,Retivue,2028.78,0.716,1452.63
202302,5101,Retivue,2032.13,0.7301,1483.59
202303,5101,Retivue,2035.49,0.7212,1467.92
202304,5101,Retivue,2038.85,0.71,1447.66
202305,5101,Retivue,2042.22,0.7206,1471.69
202306,5101,Retivue,2045.59,0.7082,1448.66
202307,5101,Retivue,2048.97,0.7118,1458.5
202308,5101,Retivue,2052.35,0.7247,1487.26
202309,5101,Retivue,2055.74,0.7034,1446.01
202310,5101,Retivue,2059.14,0.7191,1480.81
202311,5101,Retivue,2062.54,0.7348,1515.54
202312,5101,Retivue,2065.94,0.7189,1485.12
202401,5101,Retivue,2069.36,0.7108,1470.94
202402,5101,Retivue,2072.77,0.7199,1492.28
202403,5101,Retivue,2076.2,0.7079,1469.65
202404,5101,Retivue,2079.63,0.7197,1496.77
202405,5101,Retivue,2083.06,0.7262,1512.74
202406,5101,Retivue,2086.5,0.7208,1503.96
202407,5101,Retivue,2089.95,0.7099,1483.65
202408,5101,Retivue,2093.4,0.7169,1500.8
202409,5101,Retivue,2096.86,0.7218,1513.53
202410,5101,Retivue,2100.32,0.7172,1506.27
202411,5101,Retivue,2103.79,0.7163,1506.94
202412,5101,Retivue,2107.26,0.7139,1504.41
202501,5101,Retivue,2110.74,0.7164,1512.23
202502,5101,Retivue,2114.23,0.7159,1513.64
202503,5101,Retivue,2117.72,0.7247,1534.68
202504,5101,Retivue,2121.22,0.7238,1535.29
202505,5101,Retivue,2124.72,0.7127,1514.33
202506,5101,Retivue,2128.23,0.7242,1541.23
202101,5102,Vabyseal,2190.0,0.6951,1522.2
202102,5102,Vabyseal,2193.62,0.694,1522.31
202103,5102,Vabyseal,2197.24,0.7161,1573.38
202104,5102,Vabyseal,2200.87,0.7119,1566.78
202105,5102,Vabyseal,2204.5,0.7111,1567.52
202106,5102,Vabyseal,2208.14,0.6893,1522.14
202107,5102,Vabyseal,2211.79,0.7099,1570.12
202108,5102,Vabyseal,2215.44,0.7058,1563.63
202109,5102,Vabyseal,2219.1,0.7086,1572.46
202110,5102,Vabyseal,2222.77,0.6979,1551.24
202111,5102,Vabyseal,2226.44,0.6958,1549.1
202112,5102,Vabyseal,2230.12,0.7034,1568.69
202201,5102,Vabyseal,2233.8,0.7136,1594.11
202202,5102,Vabyseal,2237.49,0.6952,1555.61
202203,5102,Vabyseal,2241.18,0.6945,1556.44
202204,5102,Vabyseal,2244.89,0.6945,1559.03
202205,5102,Vabyseal,2248.59,0.6962,1565.41
202206,5102,Vabyseal,2252.31,0.6974,1570.7
202207,5102,Vabyseal,2256.03,0.694,1565.67
202208,5102,Vabyseal,2259.75,0.6991,1579.81
202209,5102,Vabyseal,2263.49,0.7081,1602.69
202210,5102,Vabyseal,2267.22,0.7017,1590.88
202211,5102,Vabyseal,2270.97,0.6977,1584.46
202212,5102,Vabyseal,2274.72,0.6875,1563.9
202301,5102,Vabyseal,2278.48,0.6893,1570.63
202302,5102,Vabyseal,2282.24,0.6995,1596.36
202303,5102,Vabyseal,2286.01,0.7028,1606.56
202304,5102,Vabyseal,2289.78,0.7001,1603.11
202305,5102,Vabyseal,2293.57,0.6976,1600.04
202306,5102,Vabyseal,2297.35,0.7058,1621.56
202307,5102,Vabyseal,2301.15,0.6995,1609.67
202308,5102,Vabyseal,2304.95,0.7118,1640.77
202309,5102,Vabyseal,2308.76,0.6965,1608.07
202310,5102,Vabyseal,2312.57,0.7017,1622.61
202311,5102,Vabyseal,2316.39,0.7034,1629.45
202312,5102,Vabyseal,2320.21,0.7084,1643.72
202401,5102,Vabyseal,2324.05,0.7042,1636.68
202402,5102,Vabyseal,2327.88,0.7074,1646.73
202403,5102,Vabyseal,2331.73,0.6949,1620.36
202404,5102,Vabyseal,2335.58,0.7098,1657.88
202405,5102,Vabyseal,2339.44,0.7019,1642.12
202406,5102,Vabyseal,2343.3,0.6952,1628.99
202407,5102,Vabyseal,2347.17,0.6991,1640.92
202408,5102,Vabyseal,2351.05,0.7094,1667.88
202409,5102,Vabyseal,2354.93,0.7055,1661.3
202410,5102,Vabyseal,2358.82,0.707,1667.63
202411,5102,Vabyseal,2362.72,0.7022,1659.08
202412,5102,Vabyseal,2366.62,0.6938,1642.05
202501,5102,Vabyseal,2370.53,0.7009,1661.41
202502,5102,Vabyseal,2374.44,0.6927,1644.83
202503,5102,Vabyseal,2378.36,0.7089,1686.07
202504,5102,Vabyseal,2382.29,0.7048,1679.15
202505,5102,Vabyseal,2386.23,0.703,1677.52
202506,5102,Vabyseal,2390.17,0.7116,1700.83
202101,5103,Eylanta,2100.0,0.7162,1504.02
202102,5103,Eylanta,2103.47,0.7104,1494.26
202103,5103,Eylanta,2106.94,0.7186,1513.97
202104,5103,Eylanta,2110.42,0.7184,1516.21
202105,5103,Eylanta,2113.91,0.7157,1512.85
202106,5103,Eylanta,2117.4,0.7116,1506.68
202107,5103,Eylanta,2120.9,0.7104,1506.7
202108,5103,Eylanta,2124.4,0.709,1506.15
202109,5103,Eylanta,2127.91,0.7243,1541.3
202110,5103,Eylanta,2131.42,0.7079,1508.93
202111,5103,Eylanta,2134.94,0.7087,1513.14
202112,5103,Eylanta,2138.47,0.7037,1504.91
202201,5103,Eylanta,2142.0,0.7082,1516.91
202202,5103,Eylanta,2145.54,0.7172,1538.67
202203,5103,Eylanta,2149.08,0.7108,1527.58
202204,5103,Eylanta,2152.63,0.7041,1515.77
202205,5103,Eylanta,2156.19,0.7132,1537.85
202206,5103,Eylanta,2159.75,0.7081,1529.42
202207,5103,Eylanta,2163.31,0.7091,1533.99
202208,5103,Eylanta,2166.89,0.715,1549.25
202209,5103,Eylanta,2170.47,0.7181,1558.65
202210,5103,Eylanta,2174.05,0.7075,1538.06
202211,5103,Eylanta,2177.64,0.7105,1547.24
202212,5103,Eylanta,2181.24,0.7121,1553.36
202301,5103,Eylanta,2184.84,0.6962,1521.14
202302,5103,Eylanta,2188.45,0.7113,1556.66
202303,5103,Eylanta,2192.06,0.7142,1565.67
202304,5103,Eylanta,2195.68,0.7064,1551.04
202305,5103,Eylanta,2199.31,0.7165,1575.83
202306,5103,Eylanta,2202.94,0.7203,1586.74
202307,5103,Eylanta,2206.58,0.6994,1543.25
202308,5103,Eylanta,2210.22,0.7081,1565.04
202309,5103,Eylanta,2213.87,0.7103,1572.47
202310,5103,Eylanta,2217.53,0.714,1583.38
202311,5103,Eylanta,2221.19,0.7182,1595.27
202312,5103,Eylanta,2224.86,0.7059,1570.56
202401,5103,Eylanta,2228.54,0.7139,1590.92
202402,5103,Eylanta,2232.22,0.7157,1597.65
202403,5103,Eylanta,2235.9,0.7149,1598.41
202404,5103,Eylanta,2239.6,0.7048,1578.54
202405,5103,Eylanta,2243.3,0.7249,1626.06
202406,5103,Eylanta,2247.0,0.7133,1602.7
202407,5103,Eylanta,2250.71,0.7122,1602.94
202408,5103,Eylanta,2254.43,0.7068,1593.38
202409,5103,Eylanta,2258.15,0.7194,1624.42
202410,5103,Eylanta,2261.88,0.7125,1611.55
202411,5103,Eylanta,2265.62,0.7108,1610.5
202412,5103,Eylanta,2269.36,0.7077,1605.96
202501,5103,Eylanta,2273.11,0.7105,1614.98
202502,5103,Eylanta,2276.86,0.7013,1596.74
202503,5103,Eylanta,2280.62,0.7054,1608.77
202504,5103,Eylanta,2284.39,0.7031,1606.16
202505,5103,Eylanta,2288.16,0.7031,1608.76
202506,5103,Eylanta,2291.94,0.7186,1646.95
202101,5104,Bevagen,95.0,0.9029,85.77
202102,5104,Bevagen,95.16,0.8928,84.95
202103,5104,Bevagen,95.31,0.8995,85.73
202104,5104,Bevagen,95.47,0.9057,86.47
202105,5104,Bevagen,95.63,0.9021,86.26
202106,5104,Bevagen,95.79,0.9134,87.49
202107,5104,Bevagen,95.95,0.8987,86.23
202108,5104,Bevagen,96.1,0.8982,86.32
202109,5104,Bevagen,96.26,0.8817,84.88
202110,5104,Bevagen,96.42,0.9093,87.68
202111,5104,Bevagen,96.58,0.9152,88.39
202112,5104,Bevagen,96.74,0.8985,86.92
202201,5104,Bevagen,96.9,0.9047,87.67
202202,5104,Bevagen,97.06,0.9023,87.58
202203,5104,Bevagen,97.22,0.8899,86.52
202204,5104,Bevagen,97.38,0.8893,86.6
202205,5104,Bevagen,97.54,0.8923,87.04
202206,5104,Bevagen,97.7,0.8961,87.55
202207,5104,Bevagen,97.86,0.8936,87.45
202208,5104,Bevagen,98.03,0.9095,89.16
202209,5104,Bevagen,98.19,0.9123,89.58
202210,5104,Bevagen,98.35,0.9007,88.58
202211,5104,Bevagen,98.51,0.8988,88.54
202212,5104,Bevagen,98.68,0.8984,88.65
202301,5104,Bevagen,98.84,0.8948,88.44
202302,5104,Bevagen,99.0,0.8991,89.01
202303,5104,Bevagen,99.16,0.9039,89.64
202304,5104,Bevagen,99.33,0.9139,90.77
202305,5104,Bevagen,99.49,0.9048,90.02
202306,5104,Bevagen,99.66,0.9064,90.33
202307,5104,Bevagen,99.82,0.9165,91.49
202308,5104,Bevagen,99.99,0.9159,91.58
202309,5104,Bevagen,100.15,0.891,89.23
202310,5104,Bevagen,100.32,0.888,89.08
202311,5104,Bevagen,100.48,0.9143,91.87
202312,5104,Bevagen,100.65,0.8907,89.65
202401,5104,Bevagen,100.81,0.9012,90.86
202402,5104,Bevagen,100.98,0.9208,92.98
202403,5104,Bevagen,101.15,0.9051,91.55
202404,5104,Bevagen,101.32,0.9016,91.34
202405,5104,Bevagen,101.48,0.8896,90.28
202406,5104,Bevagen,101.65,0.9033,91.82
202407,5104,Bevagen,101.82,0.9146,93.12
202408,5104,Bevagen,101.99,0.9015,91.94
202409,5104,Bevagen,102.15,0.8911,91.03
202410,5104,Bevagen,102.32,0.8988,91.97
202411,5104,Bevagen,102.49,0.8816,90.36
202412,5104,Bevagen,102.66,0.9054,92.95
202501,5104,Bevagen,102.83,0.8986,92.41
202502,5104,Bevagen,103.0,0.8996,92.66
202503,5104,Bevagen,103.17,0.8898,91.81
202504,5104,Bevagen,103.34,0.9092,93.96
202505,5104,Bevagen,103.51,0.8767,90.75
202506,5104,Bevagen,103.68,0.8828,91.53
202101,5105,Ocretiva,3350.0,0.6773,2269.12
202102,5105,Ocretiva,3355.53,0.68,2281.77
202103,5105,Ocretiva,3361.07,0.6901,2319.5
202104,5105,Ocretiva,3366.63,0.6868,2312.36
202105,5105,Ocretiva,3372.19,0.6737,2271.77
202106,5105,Ocretiva,3377.76,0.6808,2299.7
202107,5105,Ocretiva,3383.33,0.6825,2309.26
202108,5105,Ocretiva,3388.92,0.6801,2304.89
202109,5105,Ocretiva,3394.52,0.6772,2298.81
202110,5105,Ocretiva,3400.13,0.6701,2278.32
202111,5105,Ocretiva,3405.74,0.6838,2328.72
202112,5105,Ocretiva,3411.37,0.683,2329.93
202201,5105,Ocretiva,3417.0,0.6796,2322.17
202202,5105,Ocretiva,3422.64,0.6849,2344.17
202203,5105,Ocretiva,3428.3,0.6931,2376.09
202204,5105,Ocretiva,3433.96,0.694,2383.2
202205,5105,Ocretiva,3439.63,0.6844,2354.06
202206,5105,Ocretiva,3445.31,0.6743,2323.31
202207,5105,Ocretiva,3451.0,0.6788,2342.67
202208,5105,Ocretiva,3456.7,0.6721,2323.28
202209,5105,Ocretiva,3462.41,0.6801,2354.62
202210,5105,Ocretiva,3468.13,0.6747,2339.78
202211,5105,Ocretiva,3473.86,0.6797,2361.29
202212,5105,Ocretiva,3479.59,0.676,2352.04
202301,5105,Ocretiva,3485.34,0.6892,2402.22
202302,5105,Ocretiva,3491.1,0.6799,2373.72
202303,5105,Ocretiva,3496.86,0.6735,2355.31
202304,5105,Ocretiva,3502.64,0.6886,2411.78
202305,5105,Ocretiva,3508.42,0.6731,2361.4
202306,5105,Ocretiva,3514.22,0.6707,2356.82
202307,5105,Ocretiva,3520.02,0.6779,2386.32
202308,5105,Ocretiva,3525.83,0.6769,2386.81
202309,5105,Ocretiva,3531.66,0.6761,2387.61
202310,5105,Ocretiva,3537.49,0.6834,2417.54
202311,5105,Ocretiva,3543.33,0.6733,2385.67
202312,5105,Ocretiva,3549.19,0.6792,2410.46
202401,5105,Ocretiva,3555.05,0.6773,2407.88
202402,5105,Ocretiva,3560.92,0.6894,2455.01
202403,5105,Ocretiva,3566.8,0.6853,2444.37
202404,5105,Ocretiva,3572.69,0.684,2443.67
202405,5105,Ocretiva,3578.59,0.6699,2397.45
202406,5105,Ocretiva,3584.5,0.6846,2453.85
202407,5105,Ocretiva,3590.42,0.6883,2471.16
202408,5105,Ocretiva,3596.35,0.6783,2439.51
202409,5105,Ocretiva,3602.29,0.6836,2462.44
202410,5105,Ocretiva,3608.24,0.6706,2419.54
202411,5105,Ocretiva,3614.2,0.6809,2460.93
202412,5105,Ocretiva,3620.17,0.686,2483.46
202501,5105,Ocretiva,3626.15,0.6811,2469.95
202502,5105,Ocretiva,3632.14,0.687,2495.45
202503,5105,Ocretiva,3638.14,0.6705,2439.27
202504,5105,Ocretiva,3644.14,0.6808,2480.82
202505,5105,Ocretiva,3650.16,0.684,2496.65
202506,5105,Ocretiva,3656.19,0.678,2478.95
202101,5106,Tysvia,3100.0,0.6999,2169.59
202102,5106,Tysvia,3105.12,0.6961,2161.46
202103,5106,Tysvia,3110.25,0.7061,2196.25
202104,5106,Tysvia,3115.39,0.6982,2175.14
202105,5106,Tysvia,3120.53,0.7049,2199.77
202106,5106,Tysvia,3125.68,0.6929,2165.84
202107,5106,Tysvia,3130.85,0.713,2232.35
202108,5106,Tysvia,3136.02,0.6975,2187.38
202109,5106,Tysvia,3141.2,0.6887,2163.44
202110,5106,Tysvia,3146.38,0.6965,2191.32
202111,5106,Tysvia,3151.58,0.6892,2172.1
202112,5106,Tysvia,3156.79,0.6996,2208.46
202201,5106,Tysvia,3162.0,0.7032,2223.59
202202,5106,Tysvia,3167.22,0.6932,2195.52
202203,5106,Tysvia,3172.45,0.7124,2260.05
202204,5106,Tysvia,3177.69,0.6888,2188.87
202205,5106,Tysvia,3182.94,0.6997,2227.03
202206,5106,Tysvia,3188.2,0.693,2209.46
202207,5106,Tysvia,3193.46,0.6933,2213.91
202208,5106,Tysvia,3198.74,0.6928,2216.15
202209,5106,Tysvia,3204.02,0.7071,2265.47
202210,5106,Tysvia,3209.31,0.6912,2218.14
202211,5106,Tysvia,3214.61,0.7066,2271.33
202212,5106,Tysvia,3219.92,0.6929,2231.1
202301,5106,Tysvia,3225.24,0.7145,2304.4
202302,5106,Tysvia,3230.57,0.7031,2271.29
202303,5106,Tysvia,3235.9,0.6886,2228.25
202304,5106,Tysvia,3241.25,0.7033,2279.55
202305,5106,Tysvia,3246.6,0.7023,2280.09
202306,5106,Tysvia,3251.96,0.7079,2302.1
202307,5106,Tysvia,3257.33,0.6962,2267.88
202308,5106,Tysvia,3262.71,0.7068,2305.99
202309,5106,Tysvia,3268.1,0.6949,2270.92
202310,5106,Tysvia,3273.5,0.6938,2271.04
202311,5106,Tysvia,3278.91,0.703,2304.95
202312,5106,Tysvia,3284.32,0.6932,2276.75
202401,5106,Tysvia,3289.74,0.7028,2311.88
202402,5106,Tysvia,3295.18,0.695,2290.11
202403,5106,Tysvia,3300.62,0.6987,2306.06
202404,5106,Tysvia,3306.07,0.6912,2285.24
202405,5106,Tysvia,3311.53,0.7069,2341.06
202406,5106,Tysvia,3317.0,0.7079,2348.2
202407,5106,Tysvia,3322.48,0.6916,2297.67
202408,5106,Tysvia,3327.97,0.6929,2306.03
202409,5106,Tysvia,3333.46,0.7082,2360.92
202410,5106,Tysvia,3338.97,0.7067,2359.55
202411,5106,Tysvia,3344.48,0.699,2337.78
202412,5106,Tysvia,3350.01,0.6939,2324.63
202501,5106,Tysvia,3355.54,0.6945,2330.27
202502,5106,Tysvia,3361.08,0.7044,2367.42
202503,5106,Tysvia,3366.63,0.709,2387.04
202504,5106,Tysvia,3372.19,0.7101,2394.73
202505,5106,Tysvia,3377.76,0.7143,2412.68
202506,5106,Tysvia,3383.34,0.7084,2396.92
202101,5107,Kesipra,280.0,0.7414,207.58
202102,5107,Kesipra,280.46,0.7251,203.35
202103,5107,Kesipra,280.93,0.7391,207.62
202104,5107,Kesipra,281.39,0.7401,208.24
202105,5107,Kesipra,281.85,0.738,208.0
202106,5107,Kesipra,282.32,0.748,211.18
202107,5107,Kesipra,282.79,0.7339,207.54
202108,5107,Kesipra,283.25,0.7487,212.07
202109,5107,Kesipra,283.72,0.735,208.53
202110,5107,Kesipra,284.19,0.7422,210.91
202111,5107,Kesipra,284.66,0.7498,213.43
202112,5107,Kesipra,285.13,0.7382,210.49
202201,5107,Kesipra,285.6,0.7272,207.68
202202,5107,Kesipra,286.07,0.7407,211.9
202203,5107,Kesipra,286.54,0.7376,211.35
202204,5107,Kesipra,287.02,0.7468,214.35
202205,5107,Kesipra,287.49,0.7508,215.85
202206,5107,Kesipra,287.97,0.7395,212.94
202207,5107,Kesipra,288.44,0.7561,218.09
202208,5107,Kesipra,288.92,0.7412,214.16
202209,5107,Kesipra,289.4,0.7334,212.25
202210,5107,Kesipra,289.87,0.7381,213.96
202211,5107,Kesipra,290.35,0.738,214.28
202212,5107,Kesipra,290.83,0.758,220.45
202301,5107,Kesipra,291.31,0.7314,213.06
202302,5107,Kesipra,291.79,0.7349,214.43
202303,5107,Kesipra,292.28,0.7382,215.76
202304,5107,Kesipra,292.76,0.7438,217.75
202305,5107,Kesipra,293.24,0.7409,217.27
202306,5107,Kesipra,293.73,0.7462,219.17
202307,5107,Kesipra,294.21,0.7332,215.7
202308,5107,Kesipra,294.7,0.7488,220.67
202309,5107,Kesipra,295.18,0.7366,217.44
202310,5107,Kesipra,295.67,0.7476,221.04
202311,5107,Kesipra,296.16,0.7423,219.84
202312,5107,Kesipra,296.65,0.7486,222.07
202401,5107,Kesipra,297.14,0.7325,217.66
202402,5107,Kesipra,297.63,0.7521,223.84
202403,5107,Kesipra,298.12,0.7352,219.17
202404,5107,Kesipra,298.61,0.7302,218.06
202405,5107,Kesipra,299.11,0.7443,222.63
202406,5107,Kesipra,299.6,0.7339,219.87
202407,5107,Kesipra,300.09,0.7379,221.45
202408,5107,Kesipra,300.59,0.7443,223.73
202409,5107,Kesipra,301.09,0.7369,221.88
202410,5107,Kesipra,301.58,0.7475,225.44
202411,5107,Kesipra,302.08,0.7435,224.6
202412,5107,Kesipra,302.58,0.7547,228.35
202501,5107,Kesipra,303.08,0.7394,224.11
202502,5107,Kesipra,303.58,0.7397,224.56
202503,5107,Kesipra,304.08,0.7594,230.91
202504,5107,Kesipra,304.59,0.7328,223.2
202505,5107,Kesipra,305.09,0.739,225.47
202506,5107,Kesipra,305.59,0.738,225.53
202101,5108,Gilenova,95.0,0.8498,80.73
202102,5108,Gilenova,95.16,0.8611,81.94
202103,5108,Gilenova,95.31,0.8402,80.08
202104,5108,Gilenova,95.47,0.8574,81.86
202105,5108,Gilenova,95.63,0.8646,82.68
202106,5108,Gilenova,95.79,0.8732,83.64
202107,5108,Gilenova,95.95,0.8435,80.93
202108,5108,Gilenova,96.1,0.8562,82.28
202109,5108,Gilenova,96.26,0.8648,83.25
202110,5108,Gilenova,96.42,0.8554,82.48
202111,5108,Gilenova,96.58,0.8553,82.61
202112,5108,Gilenova,96.74,0.8509,82.32
202201,5108,Gilenova,96.9,0.8657,83.88
202202,5108,Gilenova,97.06,0.8388,81.42
202203,5108,Gilenova,97.22,0.8513,82.77
202204,5108,Gilenova,97.38,0.8606,83.81
202205,5108,Gilenova,97.54,0.8495,82.86
202206,5108,Gilenova,97.7,0.8667,84.68
202207,5108,Gilenova,97.86,0.8408,82.28
202208,5108,Gilenova,98.03,0.8467,83.0
202209,5108,Gilenova,98.19,0.8514,83.6
202210,5108,Gilenova,98.35,0.8521,83.8
202211,5108,Gilenova,98.51,0.8589,84.61
202212,5108,Gilenova,98.68,0.836,82.49
202301,5108,Gilenova,98.84,0.8444,83.46
202302,5108,Gilenova,99.0,0.8494,84.1
202303,5108,Gilenova,99.16,0.8529,84.57
202304,5108,Gilenova,99.33,0.8507,84.5
202305,5108,Gilenova,99.49,0.8471,84.28
202306,5108,Gilenova,99.66,0.8532,85.03
202307,5108,Gilenova,99.82,0.8507,84.92
202308,5108,Gilenova,99.99,0.8565,85.64
202309,5108,Gilenova,100.15,0.8583,85.96
202310,5108,Gilenova,100.32,0.8519,85.46
202311,5108,Gilenova,100.48,0.8431,84.71
202312,5108,Gilenova,100.65,0.8416,84.71
202401,5108,Gilenova,100.81,0.8442,85.1
202402,5108,Gilenova,100.98,0.8502,85.85
202403,5108,Gilenova,101.15,0.8283,83.78
202404,5108,Gilenova,101.32,0.8579,86.92
202405,5108,Gilenova,101.48,0.848,86.06
202406,5108,Gilenova,101.65,0.843,85.69
202407,5108,Gilenova,101.82,0.8475,86.29
202408,5108,Gilenova,101.99,0.8622,87.93
202409,5108,Gilenova,102.15,0.8457,86.39
202410,5108,Gilenova,102.32,0.8434,86.3
202411,5108,Gilenova,102.49,0.8367,85.75
202412,5108,Gilenova,102.66,0.8491,87.17
202501,5108,Gilenova,102.83,0.85,87.41
202502,5108,Gilenova,103.0,0.8433,86.86
202503,5108,Gilenova,103.17,0.8644,89.18
202504,5108,Gilenova,103.34,0.8403,86.83
202505,5108,Gilenova,103.51,0.855,88.5
202506,5108,Gilenova,103.68,0.8515,88.29
202101,5109,Hemvia,8200.0,0.6658,5459.82
202102,5109,Hemvia,8213.54,0.6544,5375.31
202103,5109,Hemvia,8227.11,0.66,5430.17
202104,5109,Hemvia,8240.7,0.6702,5523.2
202105,5109,Hemvia,8254.31,0.6622,5465.73
202106,5109,Hemvia,8267.94,0.6626,5478.6
202107,5109,Hemvia,8281.59,0.6532,5409.87
202108,5109,Hemvia,8295.27,0.6696,5554.11
202109,5109,Hemvia,8308.97,0.6627,5506.52
202110,5109,Hemvia,8322.7,0.6559,5459.14
202111,5109,Hemvia,8336.44,0.6679,5568.12
202112,5109,Hemvia,8350.21,0.6598,5509.18
202201,5109,Hemvia,8364.0,0.6664,5573.69
202202,5109,Hemvia,8377.81,0.6612,5539.75
202203,5109,Hemvia,8391.65,0.6742,5657.42
202204,5109,Hemvia,8405.51,0.6618,5563.15
202205,5109,Hemvia,8419.39,0.6598,5555.43
202206,5109,Hemvia,8433.3,0.6522,5500.48
202207,5109,Hemvia,8447.23,0.6702,5661.06
202208,5109,Hemvia,8461.18,0.6434,5444.28
202209,5109,Hemvia,8475.15,0.6603,5596.08
202210,5109,Hemvia,8489.15,0.6762,5740.56
202211,5109,Hemvia,8503.17,0.6536,5557.61
202212,5109,Hemvia,8517.21,0.6662,5674.11
202301,5109,Hemvia,8531.28,0.6539,5578.66
202302,5109,Hemvia,8545.37,0.6529,5579.48
202303,5109,Hemvia,8559.48,0.6487,5552.62
202304,5109,Hemvia,8573.62,0.6628,5682.86
202305,5109,Hemvia,8587.78,0.662,5684.99
202306,5109,Hemvia,8601.96,0.6647,5717.72
202307,5109,Hemvia,8616.17,0.6536,5631.6
202308,5109,Hemvia,8630.4,0.6642,5732.54
202309,5109,Hemvia,8644.65,0.6543,5655.96
202310,5109,Hemvia,8658.93,0.6705,5805.55
202311,5109,Hemvia,8673.23,0.6547,5678.34
202312,5109,Hemvia,8687.56,0.662,5751.01
202401,5109,Hemvia,8701.91,0.6693,5824.16
202402,5109,Hemvia,8716.28,0.656,5718.22
202403,5109,Hemvia,8730.67,0.6628,5786.49
202404,5109,Hemvia,8745.09,0.6644,5810.59
202405,5109,Hemvia,8759.54,0.6551,5738.71
202406,5109,Hemvia,8774.0,0.6477,5683.11
202407,5109,Hemvia,8788.49,0.6755,5936.73
202408,5109,Hemvia,8803.01,0.6594,5804.83
202409,5109,Hemvia,8817.55,0.6633,5848.7
202410,5109,Hemvia,8832.11,0.6537,5773.46
202411,5109,Hemvia,8846.7,0.6651,5883.64
202412,5109,Hemvia,8861.31,0.6551,5804.92
202501,5109,Hemvia,8875.94,0.663,5884.96
202502,5109,Hemvia,8890.6,0.6612,5878.69
202503,5109,Hemvia,8905.29,0.6596,5874.3
202504,5109,Hemvia,8919.99,0.6465,5766.57
202505,5109,Hemvia,8934.73,0.6614,5909.59
202506,5109,Hemvia,8949.48,0.6468,5788.45
202101,5110,Factyra,2600.0,0.7198,1871.42
202102,5110,Factyra,2604.29,0.7193,1873.31
202103,5110,Factyra,2608.6,0.7213,1881.66
202104,5110,Factyra,2612.9,0.7358,1922.54
202105,5110,Factyra,2617.22,0.7157,1873.23
202106,5110,Factyra,2621.54,0.7281,1908.66
202107,5110,Factyra,2625.87,0.7206,1892.14
202108,5110,Factyra,2630.21,0.7308,1922.09
202109,5110,Factyra,2634.55,0.7287,1919.8
202110,5110,Factyra,2638.9,0.7306,1928.07
202111,5110,Factyra,2643.26,0.7182,1898.37
202112,5110,Factyra,2647.63,0.7213,1909.69
202201,5110,Factyra,2652.0,0.7185,1905.53
202202,5110,Factyra,2656.38,0.7139,1896.48
202203,5110,Factyra,2660.77,0.7269,1934.04
202204,5110,Factyra,2665.16,0.7221,1924.43
202205,5110,Factyra,2669.56,0.7199,1921.92
202206,5110,Factyra,2673.97,0.7282,1947.19
202207,5110,Factyra,2678.39,0.7211,1931.48
202208,5110,Factyra,2682.81,0.7231,1939.82
202209,5110,Factyra,2687.24,0.7191,1932.3
202210,5110,Factyra,2691.68,0.7043,1895.7
202211,5110,Factyra,2696.13,0.7277,1962.01
202212,5110,Factyra,2700.58,0.7217,1949.09
202301,5110,Factyra,2705.04,0.7096,1919.51
202302,5110,Factyra,2709.51,0.7194,1949.14
202303,5110,Factyra,2713.98,0.7198,1953.57
202304,5110,Factyra,2718.46,0.7137,1940.15
202305,5110,Factyra,2722.95,0.7231,1969.06
202306,5110,Factyra,2727.45,0.73,1991.11
202307,5110,Factyra,2731.96,0.7291,1991.99
202308,5110,Factyra,2736.47,0.7175,1963.37
202309,5110,Factyra,2740.99,0.7187,1969.97
202310,5110,Factyra,2745.51,0.7283,1999.56
202311,5110,Factyra,2750.05,0.7245,1992.31
202312,5110,Factyra,2754.59,0.7132,1964.55
202401,5110,Factyra,2759.14,0.7217,1991.2
202402,5110,Factyra,2763.7,0.7287,2013.79
202403,5110,Factyra,2768.26,0.725,2006.94
202404,5110,Factyra,2772.83,0.7435,2061.7
202405,5110,Factyra,2777.41,0.7013,1947.87
202406,5110,Factyra,2782.0,0.734,2042.03
202407,5110,Factyra,2786.6,0.7123,1985.01
202408,5110,Factyra,2791.2,0.7255,2024.96
202409,5110,Factyra,2795.81,0.7076,1978.36
202410,5110,Factyra,2800.43,0.7291,2041.82
202411,5110,Factyra,2805.05,0.7079,1985.71
202412,5110,Factyra,2809.68,0.7194,2021.22
202501,5110,Factyra,2814.32,0.7241,2037.84
202502,5110,Factyra,2818.97,0.7355,2073.37
202503,5110,Factyra,2823.63,0.7162,2022.4
202504,5110,Factyra,2828.29,0.7183,2031.47
202505,5110,Factyra,2832.96,0.7236,2050.02
202506,5110,Factyra,2837.64,0.7134,2024.43
202101,5111,Advanta8,2900.0,0.7085,2054.66
202102,5111,Advanta8,2904.79,0.7129,2070.78
202103,5111,Advanta8,2909.59,0.7058,2053.64
202104,5111,Advanta8,2914.39,0.7205,2099.8
202105,5111,Advanta8,2919.21,0.7045,2056.65
202106,5111,Advanta8,2924.03,0.7076,2068.92
202107,5111,Advanta8,2928.86,0.7083,2074.51
202108,5111,Advanta8,2933.69,0.7048,2067.68
202109,5111,Advanta8,2938.54,0.7062,2075.09
202110,5111,Advanta8,2943.39,0.6943,2043.53
202111,5111,Advanta8,2948.25,0.7046,2077.27
202112,5111,Advanta8,2953.12,0.7129,2105.17
202201,5111,Advanta8,2958.0,0.7041,2082.63
202202,5111,Advanta8,2962.89,0.704,2085.87
202203,5111,Advanta8,2967.78,0.7078,2100.74
202204,5111,Advanta8,2972.68,0.7032,2090.53
202205,5111,Advanta8,2977.59,0.7081,2108.36
202206,5111,Advanta8,2982.51,0.7041,2099.89
202207,5111,Advanta8,2987.43,0.7031,2100.44
202208,5111,Advanta8,2992.37,0.7041,2106.86
202209,5111,Advanta8,2997.31,0.723,2167.07
202210,5111,Advanta8,3002.26,0.713,2140.69
202211,5111,Advanta8,3007.22,0.7103,2136.1
202212,5111,Advanta8,3012.19,0.706,2126.6
202301,5111,Advanta8,3017.16,0.7115,2146.62
202302,5111,Advanta8,3022.14,0.7099,2145.55
202303,5111,Advanta8,3027.13,0.7276,2202.45
202304,5111,Advanta8,3032.13,0.7162,2171.52
202305,5111,Advanta8,3037.14,0.7007,2128.1
202306,5111,Advanta8,3042.16,0.7056,2146.51
202307,5111,Advanta8,3047.18,0.7026,2140.9
202308,5111,Advanta8,3052.21,0.7128,2175.62
202309,5111,Advanta8,3057.26,0.7091,2167.9
202310,5111,Advanta8,3062.31,0.7095,2172.84
202311,5111,Advanta8,3067.36,0.7072,2169.16
202312,5111,Advanta8,3072.43,0.7137,2192.73
202401,5111,Advanta8,3077.5,0.72,2215.9
202402,5111,Advanta8,3082.59,0.7112,2192.27
202403,5111,Advanta8,3087.68,0.7129,2201.34
202404,5111,Advanta8,3092.78,0.7152,2211.87
202405,5111,Advanta8,3097.88,0.7074,2191.36
202406,5111,Advanta8,3103.0,0.7139,2215.26
202407,5111,Advanta8,3108.13,0.7055,2192.88
202408,5111,Advanta8,3113.26,0.7115,2215.08
202409,5111,Advanta8,3118.4,0.7115,2218.85
202410,5111,Advanta8,3123.55,0.7175,2241.15
202411,5111,Advanta8,3128.71,0.7191,2249.73
202412,5111,Advanta8,3133.88,0.7121,2231.68
202501,5111,Advanta8,3139.05,0.7039,2209.5
202502,5111,Advanta8,3144.24,0.7028,2209.92
202503,5111,Advanta8,3149.43,0.7094,2234.05
202504,5111,Advanta8,3154.63,0.707,2230.23
202505,5111,Advanta8,3159.84,0.7147,2258.46
202506,5111,Advanta8,3165.06,0.7069,2237.3
202101,5112,Xolarin,1450.0,0.6964,1009.75
202102,5112,Xolarin,1452.39,0.6882,999.57
202103,5112,Xolarin,1454.79,0.6843,995.49
202104,5112,Xolarin,1457.2,0.6984,1017.77
202105,5112,Xolarin,1459.6,0.689,1005.65
202106,5112,Xolarin,1462.01,0.6775,990.56
202107,5112,Xolarin,1464.43,0.6785,993.56
202108,5112,Xolarin,1466.85,0.6858,1005.93
202109,5112,Xolarin,1469.27,0.6847,1006.06
202110,5112,Xolarin,1471.7,0.6938,1021.07
202111,5112,Xolarin,1474.13,0.6874,1013.3
202112,5112,Xolarin,1476.56,0.6937,1024.24
202201,5112,Xolarin,1479.0,0.7128,1054.18
202202,5112,Xolarin,1481.44,0.686,1016.29
202203,5112,Xolarin,1483.89,0.6835,1014.19
202204,5112,Xolarin,1486.34,0.6939,1031.31
202205,5112,Xolarin,1488.79,0.6885,1025.02
202206,5112,Xolarin,1491.25,0.6926,1032.81
202207,5112,Xolarin,1493.72,0.695,1038.13
202208,5112,Xolarin,1496.18,0.6886,1030.33
202209,5112,Xolarin,1498.65,0.6933,1038.94
202210,5112,Xolarin,1501.13,0.6877,1032.27
202211,5112,Xolarin,1503.61,0.6814,1024.57
202212,5112,Xolarin,1506.09,0.6934,1044.33
202301,5112,Xolarin,1508.58,0.6944,1047.5
202302,5112,Xolarin,1511.07,0.6932,1047.43
202303,5112,Xolarin,1513.57,0.6897,1043.84
202304,5112,Xolarin,1516.07,0.6885,1043.78
202305,5112,Xolarin,1518.57,0.6926,1051.81
202306,5112,Xolarin,1521.08,0.6918,1052.23
202307,5112,Xolarin,1523.59,0.6921,1054.43
202308,5112,Xolarin,1526.11,0.6873,1048.84
202309,5112,Xolarin,1528.63,0.6907,1055.83
202310,5112,Xolarin,1531.15,0.6836,1046.77
202311,5112,Xolarin,1533.68,0.6896,1057.68
202312,5112,Xolarin,1536.21,0.6851,1052.52
202401,5112,Xolarin,1538.75,0.6821,1049.6
202402,5112,Xolarin,1541.29,0.6974,1074.92
202403,5112,Xolarin,1543.84,0.691,1066.85
202404,5112,Xolarin,1546.39,0.6836,1057.06
202405,5112,Xolarin,1548.94,0.6843,1059.95
202406,5112,Xolarin,1551.5,0.6994,1085.08
202407,5112,Xolarin,1554.06,0.6875,1068.35
202408,5112,Xolarin,1556.63,0.6854,1066.95
202409,5112,Xolarin,1559.2,0.6922,1079.2
202410,5112,Xolarin,1561.78,0.6876,1073.9
202411,5112,Xolarin,1564.36,0.6956,1088.13
202412,5112,Xolarin,1566.94,0.6947,1088.49
202501,5112,Xolarin,1569.53,0.6809,1068.68
202502,5112,Xolarin,1572.12,0.6848,1076.61
202503,5112,Xolarin,1574.72,0.7022,1105.83
202504,5112,Xolarin,1577.32,0.6932,1093.45
202505,5112,Xolarin,1579.92,0.6872,1085.73
202506,5112,Xolarin,1582.53,0.6897,1091.45
202101,5113,Dupixair,1600.0,0.676,1081.59
202102,5113,Dupixair,1602.64,0.678,1086.53
202103,5113,Dupixair,1605.29,0.6839,1097.9
202104,5113,Dupixair,1607.94,0.6751,1085.57
202105,5113,Dupixair,1610.6,0.6822,1098.68
202106,5113,Dupixair,1613.26,0.6818,1099.9
202107,5113,Dupixair,1615.92,0.6747,1090.2
202108,5113,Dupixair,1618.59,0.6807,1101.84
202109,5113,Dupixair,1621.26,0.692,1121.98
202110,5113,Dupixair,1623.94,0.67,1087.98
202111,5113,Dupixair,1626.62,0.675,1097.9
202112,5113,Dupixair,1629.31,0.6802,1108.18
202201,5113,Dupixair,1632.0,0.6799,1109.59
202202,5113,Dupixair,1634.7,0.6748,1103.04
202203,5113,Dupixair,1637.4,0.6788,1111.4
202204,5113,Dupixair,1640.1,0.6783,1112.51
202205,5113,Dupixair,1642.81,0.6832,1122.41
202206,5113,Dupixair,1645.52,0.6737,1108.65
202207,5113,Dupixair,1648.24,0.6904,1137.99
202208,5113,Dupixair,1650.96,0.6742,1113.09
202209,5113,Dupixair,1653.69,0.6769,1119.34
202210,5113,Dupixair,1656.42,0.6787,1124.15
202211,5113,Dupixair,1659.16,0.6663,1105.41
202212,5113,Dupixair,1661.9,0.6813,1132.28
202301,5113,Dupixair,1664.64,0.6851,1140.44
202302,5113,Dupixair,1667.39,0.6936,1156.53
202303,5113,Dupixair,1670.14,0.7045,1176.57
202304,5113,Dupixair,1672.9,0.682,1140.86
202305,5113,Dupixair,1675.66,0.6842,1146.43
202306,5113,Dupixair,1678.43,0.6826,1145.69
202307,5113,Dupixair,1681.2,0.6696,1125.74
202308,5113,Dupixair,1683.98,0.6818,1148.12
202309,5113,Dupixair,1686.76,0.6689,1128.3
202310,5113,Dupixair,1689.55,0.6813,1151.15
202311,5113,Dupixair,1692.34,0.6801,1151.02
202312,5113,Dupixair,1695.13,0.6773,1148.1
202401,5113,Dupixair,1697.93,0.6663,1131.27
202402,5113,Dupixair,1700.74,0.6721,1143.12
202403,5113,Dupixair,1703.55,0.6674,1136.98
202404,5113,Dupixair,1706.36,0.6867,1171.82
202405,5113,Dupixair,1709.18,0.6797,1161.74
202406,5113,Dupixair,1712.0,0.679,1162.48
202407,5113,Dupixair,1714.83,0.6804,1166.82
202408,5113,Dupixair,1717.66,0.667,1145.62
202409,5113,Dupixair,1720.5,0.6842,1177.13
202410,5113,Dupixair,1723.34,0.6736,1160.83
202411,5113,Dupixair,1726.18,0.678,1170.3
202412,5113,Dupixair,1729.04,0.6838,1182.28
202501,5113,Dupixair,1731.89,0.6803,1178.23
202502,5113,Dupixair,1734.75,0.6839,1186.38
202503,5113,Dupixair,1737.62,0.6647,1155.01
202504,5113,Dupixair,1740.49,0.6809,1185.13
202505,5113,Dupixair,1743.36,0.6753,1177.38
202506,5113,Dupixair,1746.24,0.6909,1206.55
202101,5114,Nucalzu,1500.0,0.7051,1057.65
202102,5114,Nucalzu,1502.48,0.7007,1052.84
202103,5114,Nucalzu,1504.96,0.6933,1043.38
202104,5114,Nucalzu,1507.44,0.7093,1069.2
202105,5114,Nucalzu,1509.93,0.6818,1029.4
202106,5114,Nucalzu,1512.43,0.693,1048.13
202107,5114,Nucalzu,1514.93,0.716,1084.66
202108,5114,Nucalzu,1517.43,0.7125,1081.09
202109,5114,Nucalzu,1519.93,0.6851,1041.36
202110,5114,Nucalzu,1522.44,0.7077,1077.43
202111,5114,Nucalzu,1524.96,0.7081,1079.87
202112,5114,Nucalzu,1527.48,0.7004,1069.9
202201,5114,Nucalzu,1530.0,0.7053,1079.12
202202,5114,Nucalzu,1532.53,0.7022,1076.07
202203,5114,Nucalzu,1535.06,0.7131,1094.68
202204,5114,Nucalzu,1537.59,0.7061,1085.69
202205,5114,Nucalzu,1540.13,0.7018,1080.92
202206,5114,Nucalzu,1542.68,0.6932,1069.31
202207,5114,Nucalzu,1545.22,0.7034,1086.92
202208,5114,Nucalzu,1547.78,0.7002,1083.78
202209,5114,Nucalzu,1550.33,0.7065,1095.37
202210,5114,Nucalzu,1552.89,0.6894,1070.5
202211,5114,Nucalzu,1555.46,0.6888,1071.47
202212,5114,Nucalzu,1558.03,0.6958,1084.07
202301,5114,Nucalzu,1560.6,0.6991,1091.08
202302,5114,Nucalzu,1563.18,0.6885,1076.23
202303,5114,Nucalzu,1565.76,0.6988,1094.1
202304,5114,Nucalzu,1568.35,0.7099,1113.35
202305,5114,Nucalzu,1570.94,0.7039,1105.85
202306,5114,Nucalzu,1573.53,0.6937,1091.55
202307,5114,Nucalzu,1576.13,0.6933,1092.68
202308,5114,Nucalzu,1578.73,0.7036,1110.73
202309,5114,Nucalzu,1581.34,0.7002,1107.26
202310,5114,Nucalzu,1583.95,0.7023,1112.43
202311,5114,Nucalzu,1586.57,0.6992,1109.37
202312,5114,Nucalzu,1589.19,0.7084,1125.78
202401,5114,Nucalzu,1591.81,0.7,1114.22
202402,5114,Nucalzu,1594.44,0.6997,1115.63
202403,5114,Nucalzu,1597.07,0.6998,1117.7
202404,5114,Nucalzu,1599.71,0.6902,1104.15
202405,5114,Nucalzu,1602.35,0.704,1128.1
202406,5114,Nucalzu,1605.0,0.6923,1111.12
202407,5114,Nucalzu,1607.65,0.7039,1131.65
202408,5114,Nucalzu,1610.31,0.7,1127.2
202409,5114,Nucalzu,1612.97,0.6986,1126.75
202410,5114,Nucalzu,1615.63,0.6985,1128.53
202411,5114,Nucalzu,1618.3,0.6923,1120.33
202412,5114,Nucalzu,1620.97,0.6963,1128.61
202501,5114,Nucalzu,1623.65,0.7058,1145.92
202502,5114,Nucalzu,1626.33,0.7002,1138.73
202503,5114,Nucalzu,1629.02,0.7001,1140.55
202504,5114,Nucalzu,1631.71,0.6883,1123.04
202505,5114,Nucalzu,1634.4,0.7083,1157.7
202506,5114,Nucalzu,1637.1,0.6922,1133.22
202101,5115,Fasenta,1400.0,0.7113,995.83
202102,5115,Fasenta,1402.31,0.7131,999.93
202103,5115,Fasenta,1404.63,0.6969,978.92
202104,5115,Fasenta,1406.95,0.7143,1005.05
202105,5115,Fasenta,1409.27,0.7178,1011.63
202106,5115,Fasenta,1411.6,0.7033,992.74
202107,5115,Fasenta,1413.93,0.7134,1008.64
202108,5115,Fasenta,1416.27,0.715,1012.63
202109,5115,Fasenta,1418.6,0.7124,1010.57
202110,5115,Fasenta,1420.95,0.7156,1016.78
202111,5115,Fasenta,1423.29,0.7125,1014.05
202112,5115,Fasenta,1425.65,0.712,1015.02
202201,5115,Fasenta,1428.0,0.7086,1011.83
202202,5115,Fasenta,1430.36,0.706,1009.87
202203,5115,Fasenta,1432.72,0.7154,1024.99
202204,5115,Fasenta,1435.09,0.7021,1007.62
202205,5115,Fasenta,1437.46,0.7123,1023.88
202206,5115,Fasenta,1439.83,0.7099,1022.1
202207,5115,Fasenta,1442.21,0.7152,1031.52
202208,5115,Fasenta,1444.59,0.7073,1021.74
202209,5115,Fasenta,1446.98,0.718,1038.95
202210,5115,Fasenta,1449.37,0.6991,1013.27
202211,5115,Fasenta,1451.76,0.7094,1029.91
202212,5115,Fasenta,1454.16,0.714,1038.31
202301,5115,Fasenta,1456.56,0.7084,1031.8
202302,5115,Fasenta,1458.97,0.7141,1041.88
202303,5115,Fasenta,1461.38,0.7197,1051.73
202304,5115,Fasenta,1463.79,0.7261,1062.83
202305,5115,Fasenta,1466.21,0.7135,1046.07
202306,5115,Fasenta,1468.63,0.714,1048.53
202307,5115,Fasenta,1471.05,0.7066,1039.51
202308,5115,Fasenta,1473.48,0.706,1040.26
202309,5115,Fasenta,1475.92,0.7156,1056.18
202310,5115,Fasenta,1478.35,0.7206,1065.28
202311,5115,Fasenta,1480.8,0.7032,1041.31
202312,5115,Fasenta,1483.24,0.708,1050.09
202401,5115,Fasenta,1485.69,0.7037,1045.52
202402,5115,Fasenta,1488.14,0.7141,1062.7
202403,5115,Fasenta,1490.6,0.7176,1069.69
202404,5115,Fasenta,1493.06,0.7086,1058.02
202405,5115,Fasenta,1495.53,0.7159,1070.67
202406,5115,Fasenta,1498.0,0.7123,1067.06
202407,5115,Fasenta,1500.47,0.7106,1066.16
202408,5115,Fasenta,1502.95,0.7259,1091.06
202409,5115,Fasenta,1505.43,0.7025,1057.57
202410,5115,Fasenta,1507.92,0.7084,1068.25
202411,5115,Fasenta,1510.41,0.7058,1065.97
202412,5115,Fasenta,1512.91,0.7106,1075.03
202501,5115,Fasenta,1515.41,0.7106,1076.87
202502,5115,Fasenta,1517.91,0.7167,1087.93
202503,5115,Fasenta,1520.41,0.7048,1071.63
202504,5115,Fasenta,1522.93,0.7189,1094.8
202505,5115,Fasenta,1525.44,0.7129,1087.41
202506,5115,Fasenta,1527.96,0.7243,1106.71
202101,5116,Perjenta,6100.0,0.6727,4103.59
202102,5116,Perjenta,6110.07,0.6688,4086.68
202103,5116,Perjenta,6120.17,0.6702,4101.95
202104,5116,Perjenta,6130.27,0.6734,4128.08
202105,5116,Perjenta,6140.4,0.6702,4115.32
202106,5116,Perjenta,6150.54,0.6744,4147.98
202107,5116,Perjenta,6160.7,0.6832,4209.29
202108,5116,Perjenta,6170.87,0.6651,4104.26
202109,5116,Perjenta,6181.06,0.6605,4082.46
202110,5116,Perjenta,6191.27,0.674,4172.73
202111,5116,Perjenta,6201.5,0.6761,4192.67
202112,5116,Perjenta,6211.74,0.6671,4144.0
202201,5116,Perjenta,6222.0,0.6719,4180.73
202202,5116,Perjenta,6232.28,0.6712,4183.01
202203,5116,Perjenta,6242.57,0.6708,4187.51
202204,5116,Perjenta,6252.88,0.6644,4154.12
202205,5116,Perjenta,6263.21,0.6628,4151.55
202206,5116,Perjenta,6273.55,0.6737,4226.55
202207,5116,Perjenta,6283.91,0.6656,4182.56
202208,5116,Perjenta,6262.82,0.6742,4222.52
202209,5116,Perjenta,6241.64,0.6575,4103.63
202210,5116,Perjenta,6220.37,0.6753,4200.6
202211,5116,Perjenta,6199.02,0.6606,4094.94
202212,5116,Perjenta,6177.58,0.6613,4085.21
202301,5116,Perjenta,6156.05,0.6794,4182.31
202302,5116,Perjenta,6134.43,0.6702,4111.1
202303,5116,Perjenta,6112.72,0.6787,4148.78
202304,5116,Perjenta,6090.93,0.6789,4135.19
202305,5116,Perjenta,6069.05,0.6651,4036.81
202306,5116,Perjenta,6047.08,0.6794,4108.62
202307,5116,Perjenta,6025.01,0.6783,4086.62
202308,5116,Perjenta,6002.86,0.6614,3970.01
202309,5116,Perjenta,5980.63,0.671,4013.05
202310,5116,Perjenta,5958.3,0.6638,3955.33
202311,5116,Perjenta,5935.88,0.6776,4022.37
202312,5116,Perjenta,5913.37,0.6777,4007.71
202401,5116,Perjenta,5890.77,0.6721,3959.31
202402,5116,Perjenta,5868.07,0.6701,3932.06
202403,5116,Perjenta,5845.29,0.6761,3951.81
202404,5116,Perjenta,5822.42,0.679,3953.49
202405,5116,Perjenta,5799.45,0.6689,3879.1
202406,5116,Perjenta,5776.4,0.675,3899.1
202407,5116,Perjenta,5753.25,0.6671,3837.9
202408,5116,Perjenta,5730.01,0.6592,3777.34
202409,5116,Perjenta,5706.67,0.6773,3864.93
202410,5116,Perjenta,5683.25,0.6695,3805.13
202411,5116,Perjenta,5659.73,0.665,3763.95
202412,5116,Perjenta,5636.12,0.6664,3755.8
202501,5116,Perjenta,5612.41,0.6684,3751.19
202502,5116,Perjenta,5588.61,0.6757,3776.16
202503,5116,Perjenta,5564.72,0.6744,3752.64
202504,5116,Perjenta,5540.73,0.6609,3661.72
202505,5116,Perjenta,5516.65,0.6673,3681.24
202506,5116,Perjenta,5492.47,0.6771,3718.75
202101,5117,Phesgrox,6400.0,0.6609,4229.71
202102,5117,Phesgrox,6410.57,0.6593,4226.43
202103,5117,Phesgrox,6421.16,0.6644,4266.17
202104,5117,Phesgrox,6431.76,0.6659,4282.99
202105,5117,Phesgrox,6442.39,0.6541,4213.72
202106,5117,Phesgrox,6453.03,0.6592,4253.87
202107,5117,Phesgrox,6463.68,0.664,4291.8
202108,5117,Phesgrox,6474.36,0.6623,4287.87
202109,5117,Phesgrox,6485.05,0.6603,4282.3
202110,5117,Phesgrox,6495.76,0.6642,4314.66
202111,5117,Phesgrox,6506.49,0.6625,4310.55
202112,5117,Phesgrox,6517.24,0.6611,4308.65
202201,5117,Phesgrox,6528.0,0.6529,4261.91
202202,5117,Phesgrox,6538.78,0.6582,4303.71
202203,5117,Phesgrox,6549.58,0.6534,4279.68
202204,5117,Phesgrox,6560.4,0.6597,4327.63
202205,5117,Phesgrox,6571.23,0.6561,4311.52
202206,5117,Phesgrox,6582.09,0.666,4383.63
202207,5117,Phesgrox,6592.96,0.6638,4376.23
202208,5117,Phesgrox,6570.83,0.66,4336.73
202209,5117,Phesgrox,6548.6,0.6604,4324.7
202210,5117,Phesgrox,6526.29,0.6525,4258.7
202211,5117,Phesgrox,6503.89,0.652,4240.69
202212,5117,Phesgrox,6481.39,0.6724,4358.39
202301,5117,Phesgrox,6458.8,0.6503,4200.15
202302,5117,Phesgrox,6436.12,0.669,4305.73
202303,5117,Phesgrox,6413.35,0.654,4194.26
202304,5117,Phesgrox,6390.48,0.652,4166.57
202305,5117,Phesgrox,6367.52,0.6646,4231.8
202306,5117,Phesgrox,6344.47,0.6498,4122.68
202307,5117,Phesgrox,6321.33,0.6583,4161.34
202308,5117,Phesgrox,6298.09,0.6598,4155.77
202309,5117,Phesgrox,6274.75,0.6596,4138.96
202310,5117,Phesgrox,6251.33,0.6601,4126.24
202311,5117,Phesgrox,6227.8,0.6588,4102.64
202312,5117,Phesgrox,6204.19,0.6592,4089.73
202401,5117,Phesgrox,6180.48,0.6692,4136.04
202402,5117,Phesgrox,6156.67,0.6563,4040.44
202403,5117,Phesgrox,6132.77,0.6549,4016.35
202404,5117,Phesgrox,6108.77,0.6556,4004.98
202405,5117,Phesgrox,6084.67,0.6629,4033.82
202406,5117,Phesgrox,6060.48,0.6552,3970.8
202407,5117,Phesgrox,6036.19,0.6591,3978.27
202408,5117,Phesgrox,6011.81,0.6609,3973.14
202409,5117,Phesgrox,5987.33,0.6679,3999.22
202410,5117,Phesgrox,5962.75,0.6737,4016.84
202411,5117,Phesgrox,5938.08,0.6572,3902.32
202412,5117,Phesgrox,5913.3,0.6759,3996.95
202501,5117,Phesgrox,5888.43,0.6649,3915.49
202502,5117,Phesgrox,5863.46,0.6477,3797.74
202503,5117,Phesgrox,5838.39,0.6541,3818.7
202504,5117,Phesgrox,5813.23,0.661,3842.49
202505,5117,Phesgrox,5787.96,0.659,3814.42
202506,5117,Phesgrox,5762.59,0.6607,3807.47
202101,5118,Kadcynex,7300.0,0.6585,4807.0
202102,5118,Kadcynex,7312.06,0.6537,4779.85
202103,5118,Kadcynex,7324.13,0.6637,4861.28
202104,5118,Kadcynex,7336.23,0.6546,4802.49
202105,5118,Kadcynex,7348.35,0.6596,4847.22
202106,5118,Kadcynex,7360.48,0.6602,4859.73
202107,5118,Kadcynex,7372.64,0.6606,4870.46
202108,5118,Kadcynex,7384.82,0.658,4858.93
202109,5118,Kadcynex,7397.01,0.667,4934.0
202110,5118,Kadcynex,7409.23,0.6479,4800.78
202111,5118,Kadcynex,7421.47,0.6631,4921.46
202112,5118,Kadcynex,7433.72,0.6709,4987.22
202201,5118,Kadcynex,7446.0,0.6546,4874.26
202202,5118,Kadcynex,7458.3,0.6667,4972.37
202203,5118,Kadcynex,7470.62,0.6611,4938.96
202204,5118,Kadcynex,7482.95,0.6667,4989.12
202205,5118,Kadcynex,7495.31,0.6571,4925.08
202206,5118,Kadcynex,7507.69,0.6564,4927.97
202207,5118,Kadcynex,7520.09,0.6558,4931.54
202208,5118,Kadcynex,7494.85,0.6651,4984.88
202209,5118,Kadcynex,7469.5,0.6586,4919.76
202210,5118,Kadcynex,7444.05,0.652,4853.21
202211,5118,Kadcynex,7418.5,0.6593,4891.22
202212,5118,Kadcynex,7392.84,0.6595,4875.27
202301,5118,Kadcynex,7367.07,0.6703,4937.88
202302,5118,Kadcynex,7341.2,0.6525,4790.49
202303,5118,Kadcynex,7315.23,0.6627,4847.57
202304,5118,Kadcynex,7289.15,0.6562,4783.38
202305,5118,Kadcynex,7262.96,0.6592,4787.69
202306,5118,Kadcynex,7236.66,0.6629,4797.06
202307,5118,Kadcynex,7210.26,0.6599,4758.18
202308,5118,Kadcynex,7183.76,0.6575,4723.49
202309,5118,Kadcynex,7157.14,0.6624,4740.9
202310,5118,Kadcynex,7130.42,0.6618,4718.8
202311,5118,Kadcynex,7103.59,0.6605,4691.77
202312,5118,Kadcynex,7076.65,0.6631,4692.7
202401,5118,Kadcynex,7049.6,0.6563,4626.77
202402,5118,Kadcynex,7022.45,0.6762,4748.74
202403,5118,Kadcynex,6995.19,0.6552,4583.0
202404,5118,Kadcynex,6967.81,0.6602,4600.43
202405,5118,Kadcynex,6940.33,0.6617,4592.7
202406,5118,Kadcynex,6912.74,0.6595,4558.71
202407,5118,Kadcynex,6885.03,0.6679,4598.69
202408,5118,Kadcynex,6857.22,0.6604,4528.46
202409,5118,Kadcynex,6829.3,0.6624,4523.92
202410,5118,Kadcynex,6801.26,0.6593,4484.28
202411,5118,Kadcynex,6773.12,0.6636,4494.73
202412,5118,Kadcynex,6744.86,0.6565,4427.68
202501,5118,Kadcynex,6716.49,0.661,4439.89
202502,5118,Kadcynex,6688.01,0.6618,4426.26
202503,5118,Kadcynex,6659.42,0.6635,4418.81
202504,5118,Kadcynex,6630.71,0.6655,4412.41
202505,5118,Kadcynex,6601.89,0.6526,4308.08
202506,5118,Kadcynex,6572.96,0.6702,4405.14
202101,5119,Herzuma,2400.0,0.8007,1921.59
202102,5119,Herzuma,2403.96,0.806,1937.49
202103,5119,Herzuma,2407.93,0.8054,1939.34
202104,5119,Herzuma,2411.91,0.8216,1981.6
202105,5119,Herzuma,2415.89,0.8094,1955.53
202106,5119,Herzuma,2419.88,0.8041,1945.85
202107,5119,Herzuma,2423.88,0.8089,1960.67
202108,5119,Herzuma,2427.88,0.8105,1967.8
202109,5119,Herzuma,2431.89,0.7922,1926.6
202110,5119,Herzuma,2435.91,0.8074,1966.73
202111,5119,Herzuma,2439.93,0.7924,1933.41
202112,5119,Herzuma,2443.96,0.8141,1989.56
202201,5119,Herzuma,2448.0,0.7915,1937.49
202202,5119,Herzuma,2452.04,0.8016,1965.52
202203,5119,Herzuma,2456.09,0.8102,1989.87
202204,5119,Herzuma,2460.15,0.7904,1944.4
202205,5119,Herzuma,2464.21,0.8062,1986.74
202206,5119,Herzuma,2468.28,0.8063,1990.15
202207,5119,Herzuma,2472.36,0.7949,1965.31
202208,5119,Herzuma,2476.44,0.8061,1996.35
202209,5119,Herzuma,2480.53,0.8023,1990.14
202210,5119,Herzuma,2484.63,0.7981,1982.98
202211,5119,Herzuma,2488.73,0.7953,1979.28
202212,5119,Herzuma,2492.84,0.7861,1959.74
202301,5119,Herzuma,2496.96,0.7942,1983.19
202302,5119,Herzuma,2501.08,0.7959,1990.54
202303,5119,Herzuma,2505.21,0.7979,1998.81
202304,5119,Herzuma,2509.35,0.805,2020.14
202305,5119,Herzuma,2513.5,0.7898,1985.25
202306,5119,Herzuma,2517.65,0.808,2034.31
202307,5119,Herzuma,2521.81,0.792,1997.17
202308,5119,Herzuma,2525.97,0.8037,2030.18
202309,5119,Herzuma,2530.14,0.7986,2020.5
202310,5119,Herzuma,2534.32,0.7793,1974.87
202311,5119,Herzuma,2538.51,0.8049,2043.17
202312,5119,Herzuma,2542.7,0.8079,2054.35
202401,5119,Herzuma,2546.9,0.8171,2081.02
202402,5119,Herzuma,2551.11,0.8004,2041.93
202403,5119,Herzuma,2555.32,0.806,2059.65
202404,5119,Herzuma,2559.54,0.7982,2043.02
202405,5119,Herzuma,2563.77,0.8017,2055.39
202406,5119,Herzuma,2568.0,0.7951,2041.69
202407,5119,Herzuma,2572.24,0.7976,2051.5
202408,5119,Herzuma,2576.49,0.8117,2091.42
202409,5119,Herzuma,2580.75,0.8066,2081.69
202410,5119,Herzuma,2585.01,0.802,2073.2
202411,5119,Herzuma,2589.28,0.8,2071.38
202412,5119,Herzuma,2593.55,0.7867,2040.4
202501,5119,Herzuma,2597.84,0.8051,2091.56
202502,5119,Herzuma,2602.13,0.8027,2088.74
202503,5119,Herzuma,2606.43,0.7947,2071.33
202504,5119,Herzuma,2610.73,0.789,2059.87
202505,5119,Herzuma,2615.04,0.7907,2067.65
202506,5119,Herzuma,2619.36,0.793,2077.26
202101,5120,Ontruza,2200.0,0.8144,1791.65
202102,5120,Ontruza,2203.63,0.8248,1817.59
202103,5120,Ontruza,2207.27,0.8072,1781.77
202104,5120,Ontruza,2210.92,0.8137,1798.92
202105,5120,Ontruza,2214.57,0.8164,1807.9
202106,5120,Ontruza,2218.23,0.8223,1824.05
202107,5120,Ontruza,2221.89,0.8218,1825.91
202108,5120,Ontruza,2225.56,0.8134,1810.2
202109,5120,Ontruza,2229.24,0.8195,1826.86
202110,5120,Ontruza,2232.92,0.8133,1816.1
202111,5120,Ontruza,2236.61,0.8114,1814.71
202112,5120,Ontruza,2240.3,0.828,1854.96
202201,5120,Ontruza,2244.0,0.8297,1861.78
202202,5120,Ontruza,2247.71,0.8058,1811.17
202203,5120,Ontruza,2251.42,0.8217,1850.06
202204,5120,Ontruza,2255.14,0.8286,1868.62
202205,5120,Ontruza,2258.86,0.8242,1861.72
202206,5120,Ontruza,2262.59,0.8049,1821.11
202207,5120,Ontruza,2266.33,0.8187,1855.42
202208,5120,Ontruza,2270.07,0.8262,1875.47
202209,5120,Ontruza,2273.82,0.8154,1854.07
202210,5120,Ontruza,2277.58,0.8095,1843.68
202211,5120,Ontruza,2281.34,0.8193,1869.14
202212,5120,Ontruza,2285.11,0.8247,1884.44
202301,5120,Ontruza,2288.88,0.8105,1855.05
202302,5120,Ontruza,2292.66,0.7993,1832.46
202303,5120,Ontruza,2296.45,0.8154,1872.63
202304,5120,Ontruza,2300.24,0.8247,1896.96
202305,5120,Ontruza,2304.04,0.8234,1897.17
202306,5120,Ontruza,2307.84,0.8146,1879.99
202307,5120,Ontruza,2311.66,0.8162,1886.7
202308,5120,Ontruza,2315.47,0.818,1894.03
202309,5120,Ontruza,2319.3,0.8159,1892.26
202310,5120,Ontruza,2323.13,0.8251,1916.92
202311,5120,Ontruza,2326.96,0.8243,1918.08
202312,5120,Ontruza,2330.81,0.8156,1900.98
202401,5120,Ontruza,2334.66,0.8269,1930.62
202402,5120,Ontruza,2338.51,0.8209,1919.58
202403,5120,Ontruza,2342.38,0.8142,1907.15
202404,5120,Ontruza,2346.24,0.815,1912.27
202405,5120,Ontruza,2350.12,0.818,1922.32
202406,5120,Ontruza,2354.0,0.8338,1962.67
202407,5120,Ontruza,2357.89,0.8145,1920.51
202408,5120,Ontruza,2361.78,0.8207,1938.4
202409,5120,Ontruza,2365.68,0.8209,1942.0
202410,5120,Ontruza,2369.59,0.8124,1925.04
202411,5120,Ontruza,2373.5,0.8277,1964.45
202412,5120,Ontruza,2377.42,0.8245,1960.15
202501,5120,Ontruza,2381.35,0.8191,1950.62
202502,5120,Ontruza,2385.28,0.8359,1993.81
202503,5120,Ontruza,2389.22,0.832,1987.76
202504,5120,Ontruza,2393.17,0.8235,1970.87
202505,5120,Ontruza,2397.12,0.8182,1961.25
202506,5120,Ontruza,2401.08,0.8392,2014.99
